Nom_produit,ID_magasin,Total_sales
Shampooing sec,3,2
Pain,4,2
Biere,2,2
Sauce tomate,2,2
Savon,3,1
Dentifrice,5,1
Pain,2,1
Shampooing,3,1
Eau,1,1
Eau,4,1
Shampooing sec,4,1
Shampooing,5,1
Pain,1,1
Huile,2,1
Dentifrice,1,1
Pain,3,1
Jus de pomme,1,1
Cafe,4,1
Biere,1,1
Ketchup,3,1
Jus de pomme,4,1
